{"cameraMode":{"drawMode":0,"name":"Shaded","section":"Shading Mode"},"sceneLighting":true,"audioPlay":false,"sceneViewState":{"showFog":true,"showMaterialUpdate":false,"showSkybox":true,"showFlares":true,"showImageEffects":true,"showParticleSystems":true},"in2DMode":false,"pivot":{"x":-0.422669917345047,"y":16.409975051879884,"z":-7.18766450881958},"rotation":{"x":-0.09017664939165116,"y":0.0014940266264602543,"z":-0.0001352734543615952,"w":-0.9959246516227722},"size":25.70895767211914,"orthographic":false}